0,1,2,3,4,5,6,7,8,9,10,11
-0.011982288,0.07262574,0.0,-0.10216332,-0.047385488,0.06408658,0.0,-0.015774375,0.015347272,-0.0,-0.0,-0.0
-0.020713095,0.04467125,0.0,-0.055147205,-0.035295796,0.04171081,-0.0,-0.15112954,-0.06762142,-0.0,-0.0,-0.0
-0.07091647,0.07777329,0.0,-0.074612655,-0.07720809,0.0786638,-0.0,-0.11304111,-0.03873537,-0.0,-0.0,-0.0
-0.026728334,0.083501495,0.0,-0.109623894,-0.06033994,0.07605471,0.0,-0.12640862,-0.041775383,-0.0,-0.0,-0.0
-0.019794436,0.11963016,0.09421624,-0.16802144,-0.0,0.105858825,0.0,-0.09976214,-0.029018536,-0.0,-0.050843626,-0.0
-0.023555985,0.11486003,0.09170288,-0.15877262,-0.0,0.10232154,0.0,-0.12236588,-0.049040016,-0.0,-0.07172659,-0.0
-0.01752191,0.13565265,0.105285875,-0.19351405,-0.0,0.11908978,-0.0,-0.1490081,-0.08166407,-0.0,-0.061204016,-0.0
0.004382898,0.17933382,0.13124293,-0.2721338,-0.0,0.15282306,-0.0,-0.19451173,-0.12720126,-0.0,-0.14601965,-0.0
0.0360596,-0.30493283,-0.23580407,0.43644986,0.19164895,-0.26731664,0.12568837,0.11479943,0.17000759,0.07129778,0.042212334,0.020956073
0.19147475,-0.32184532,-0.2941018,0.36944377,0.27274856,-0.30835897,0.2839809,0.3345114,0.3956703,0.36746052,0.20302156,0.18874757
0.65481496,-0.58366585,-0.623627,0.48532328,0.634961,-0.61150265,-0.1449086,0.6440863,0.6711,0.476204,0.49088058,0.51090956
0.9690668,-0.8770566,-0.9328479,0.73804384,0.9474016,-0.9164685,-0.88689107,-0.47635156,-0.4788138,-0.6642303,0.26443878,0.29351282
0.88815475,-0.71573734,-0.7898583,0.54442704,0.8177399,-0.0,-0.8651484,-0.0,-0.9326635,-0.8849193,0.32313564,0.0
0.9425846,-0.54409444,-0.6790891,0.25374335,0.7441012,-0.0,-0.553171,-0.0,-0.0,-0.54040813,0.36846372,0.0
0.7118743,-0.46562138,-0.55327284,0.2742079,0.5933887,-0.0,-0.3318986,-0.0,-0.0,-0.63941973,-0.3248823,-0.0
0.19426802,-0.106737085,-0.13600108,0.044599533,0.15028971,-0.0,-0.0939717,-0.0,-0.0,-0.43683085,-0.43799716,-0.0
-0.3161045,0.178472,0.0,-0.079166286,-0.24722901,0.20665698,0.16005388,-0.18427968,-0.0,-0.26157978,-0.3527468,-0.37949017
-0.39809835,0.29240495,0.0,-0.20140658,-0.3502856,0.31830615,0.20596653,-0.119143024,-0.0,-0.16368063,-0.29192644,-0.29952103
-0.4039958,0.34151474,0.0,-0.27180672,-0.38116932,0.36133683,0.26522085,-0.1495347,-0.0,-0.18665479,-0.31511566,-0.326546
-0.45604762,0.37347972,0.0,-0.28876382,-0.42333707,0.3975585,0.29435396,-0.12376312,-0.0,-0.13595921,-0.311455,-0.31900308
-0.5001964,0.41789538,0.455776,-0.32859698,-0.46909428,0.0,0.16561379,-0.16564329,-0.0,-0.14892244,-0.33955613,-0.35748792
-0.5404864,0.4446741,0.48740903,-0.3450296,-0.50293404,0.0,0.14120774,-0.11733598,-0.0,-0.095016666,-0.33200198,-0.3535384
-0.58436453,0.4527219,0.50626224,-0.33093905,-0.52772635,0.0,0.25378612,-0.0906301,-0.0,-0.07806264,-0.35789898,-0.38013464
-0.6101839,0.46332777,0.52165955,-0.33133322,-0.5455308,0.0,0.31502742,-0.012406195,0.0,-0.014708744,-0.34570733,-0.36203325
-0.0,0.45860103,0.5228704,-0.0,-0.5500798,0.49952722,0.0,0.02603343,0.0,0.0,-0.3372018,-0.0
-0.0,0.4144498,0.46665552,-0.0,-0.48799798,0.44812915,0.0,0.08371249,0.0,0.0,-0.27601773,-0.0
-0.0,0.34040216,0.3824948,-0.0,-0.39968982,0.36754435,0.0,0.09179098,0.0,0.0,-0.2218486,-0.0
-0.0,0.21561071,0.2393118,-0.0,-0.24862568,0.23104566,0.0,0.09759135,0.0,0.0,-0.16002929,-0.0
-0.0,0.0,0.12134577,-0.093190536,-0.12394864,0.118836,0.07524989,0.046699442,0.0,0.0,-0.1360288,-0.09758669
-0.0,0.0,0.05677444,-0.05315074,-0.056210503,0.05689943,0.028209152,0.03442649,0.0,-0.0,-0.103914395,-0.049235158
-0.0,0.0,0.044507533,-0.05264089,-0.04194259,0.046143584,0.01934864,-0.0044001546,0.0,-0.0,-0.11119413,-0.044038724
-0.0,0.0,0.048869733,-0.062748246,-0.045149572,0.051305264,0.0077669662,-0.0013361308,0.0,-0.0,-0.10563165,-0.019802058
-0.0043187244,0.07998077,0.06031311,-0.0,-0.047895934,0.0,0.022209791,-0.011300608,0.0,-0.062373,-0.0,-0.0
-0.011278371,0.09284828,0.071911685,-0.0,-0.058589317,0.0,0.05936785,0.004822224,0.0,-0.04913008,-0.0,-0.0
-0.008197417,0.1395354,0.10550914,-0.0,-0.08397268,0.0,-0.0752465,-0.05300455,-0.0,-0.07933965,-0.0,-0.0
0.00920005,0.1298371,0.09318688,-0.0,-0.070513904,0.0,-0.22206669,-0.04966772,-0.0,-0.09274337,-0.0,0.0
0.008039507,0.10243871,0.07329164,-0.15902123,-0.05526322,0.08636244,-0.15243715,-0.029865215,-0.0,-0.0,-0.044168763,0.01487442
0.034792412,0.059897594,0.03401429,-0.1111122,-0.01849401,0.045320943,-0.12676428,-0.006045812,-0.0,-0.0,-0.04469133,0.024012918
0.008864748,0.05457817,0.03775204,-0.08752432,-0.027378416,0.045155693,-0.11405246,-0.0140337385,-0.0,-0.0,-0.0564261,0.011382197
0.00095871714,0.024559822,0.017825428,-0.037532277,-0.013673734,0.020718975,-0.08496991,0.007750481,-0.0,-0.0,-0.04399468,0.020184541
0.0020398935,0.037735187,0.027250225,-0.0,-0.020821398,0.03190688,-0.0864455,-0.0,-0.0,-0.0,-0.06720214,-0.009758756
0.029544018,-0.0018551204,-0.010003831,-0.0,0.014517753,-0.006655696,-0.07010302,0.0,-0.0,-0.0,-0.08741753,-0.020221319
0.015190249,-0.01170333,-0.013080825,0.0,0.013575822,-0.012600818,-0.07298169,0.0,-0.0,-0.0,-0.087653175,-0.030941438
-0.027015666,-0.034604557,-0.017657626,0.0,0.00742089,-0.02507707,-0.0635248,0.0,-0.0,-0.0,-0.081303,-0.02542299
-0.021628235,0.0,0.027935551,-0.0,-0.026595032,0.0,-0.0,0.011777179,-0.0,-0.0,-0.0,-0.02935914
-0.004198313,0.0,0.0121683115,-0.0,-0.01056154,0.0,-0.0,0.043471504,-0.0,-0.0,-0.0,0.002058328
0.005326206,0.0,0.05889832,-0.0,-0.044630185,0.0,-0.0,0.027913082,-0.0,-0.0,-0.0,0.015502304
0.032853585,0.0,0.027044669,-0.0,-0.013631643,0.0,0.0,0.07471349,-0.0,-0.0,-0.0,0.021220822
0.015257579,0.11483303,0.080294125,-0.1818869,-0.059128802,0.09572198,-0.0,0.008963696,-0.0,-0.0,-0.014866912,0.011099235
0.032855418,0.04016449,0.020062195,-0.080000445,-0.008059006,0.028782776,-0.0,0.04387804,-0.0,-0.0,0.0062422804,0.031168103
0.018486975,0.12708068,0.08846691,-0.20202176,-0.06465985,0.10569142,-0.0,-0.0067025996,-0.0,-0.0,-0.018364154,-0.0067983195
-0.0026738315,-0.06834779,-0.04973131,0.10430458,0.038157094,-0.058069795,-0.0,0.10785293,-0.0,-0.0,-0.0069887433,-0.00042320727
0.06830548,-0.41281548,-0.325029,0.0,0.26850873,-0.3651964,0.16257195,0.37127003,0.0,0.0,0.22293624,0.24455859
0.28978127,-0.3944693,-0.37664866,0.0,0.35943508,-0.3871496,0.18454063,0.6920195,0.0,0.0,0.44325498,0.45673427
0.8075763,-0.74651057,-0.788939,0.0,0.7985753,-0.7770716,-0.41957533,0.7369412,0.0,0.0,0.7214016,0.77167606
0.93737274,-0.9467355,-0.9750295,0.0,0.9730192,-0.9708005,-0.9346859,-0.4178576,-0.0,-0.0,0.55653006,0.58490986
0.86399585,-0.7849902,-0.83392894,0.66290486,0.84647053,-0.8197132,-0.75113696,-0.556507,-0.0,-0.0,0.8925155,0.92775214
0.7809249,-0.5332822,-0.623576,0.33452877,0.6638319,-0.5898833,-0.50624293,-0.38783038,-0.0,-0.0,0.66563433,0.7120663
0.48650423,-0.33764115,-0.39247,0.2166084,0.41677895,-0.37209204,-0.31061688,-0.24642484,-0.0,-0.0,-0.02011266,-0.060867652
0.012933756,0.030901812,0.01903173,-0.05388398,-0.0118544055,0.024400502,-0.06698939,-0.044411544,-0.0,-0.0,-0.16138555,-0.25628245
-0.27446854,0.21810794,0.0,-0.0,-0.2510413,0.23354852,0.106584474,0.027651343,-0.0,-0.081069514,-0.15830766,-0.2584321
-0.3207578,0.30036578,0.0,-0.0,-0.31928533,0.31189156,0.15290555,0.046701584,-0.0,-0.05281933,-0.12267222,-0.23799087
-0.3530479,0.31303403,0.0,-0.0,-0.3414876,0.3283083,0.14623198,0.011378908,-0.0,-0.073423445,-0.14385037,-0.284264
-0.37240973,0.3778855,0.0,-0.0,-0.38751054,0.38722438,-0.034564797,-0.019344969,-0.0,-0.08026595,-0.15143317,-0.30799088
-0.0,0.0,0.4000797,-0.34574035,-0.40072292,0.39726114,0.00984449,0.00046985652,-0.0,-0.09130757,-0.17356883,-0.36190802
-0.0,0.0,0.4326414,-0.35932288,-0.43626207,0.42732576,0.101056606,0.03200316,-0.0,-0.07533936,-0.1799529,-0.3757673
-0.0,0.0,0.45321378,-0.33502656,-0.46473104,0.44183728,0.18130167,0.06188476,-0.0,-0.045668382,-0.19063152,-0.41842982
-0.0,0.0,0.4767816,-0.30339873,-0.49851644,0.45784596,0.22474822,0.120785736,0.0,0.012481525,-0.16451986,-0.40832597
-0.0,0.40368015,0.0,-0.0,-0.0,0.4311199,0.25698352,0.17171235,0.0,0.08956454,-0.0,-0.37794116
-0.0,0.3518158,0.0,-0.0,-0.0,0.37150848,0.215342,0.21654548,0.0,0.17850178,0.0,-0.28032172
-0.0,0.22245082,0.0,-0.0,-0.0,0.24240185,0.15608804,0.21559298,0.0,0.2183266,0.0,-0.1936777
-0.0,0.117189325,0.0,-0.0,-0.0,0.1256897,0.05942349,0.19873074,0.0,0.24017306,0.0,-0.084944956
-0.06528062,0.045864545,0.053116582,-0.030248374,-0.0,0.050374668,0.029831361,0.15517993,0.0,0.2295307,0.32379025,-0.0
0.035825405,0.016027598,0.0012747876,-0.045836776,0.0,0.007538277,-0.0,0.12919842,0.0,0.221306,0.36020368,0.0
0.02729747,0.010640512,-0.00018499135,-0.032219283,0.0,0.0044284863,-0.0,0.103749126,0.0,0.21503985,0.37400758,0.0
0.024827698,0.023660252,0.01017466,-0.050844666,-0.0,0.016047167,0.0,0.10054055,0.0,0.23037341,0.3971253,0.0
0.0,0.0,0.01947032,-0.06894185,-0.009591319,0.026636047,0.0,0.066221915,0.0,0.0,0.3746647,-0.0
0.0,0.0,0.034590267,-0.11404255,-0.018596545,0.0462321,-0.0,0.02040856,0.0,0.0,0.36619103,-0.0
0.0,0.0,0.033132963,-0.11745023,-0.016307337,0.045511007,-0.0,0.012306529,0.0,0.0,0.377607,-0.0
0.0,0.0,0.016854344,-0.11201016,0.0016784769,0.030507265,-0.0,0.02546734,0.0,0.0,0.3720122,-0.0
0.030240841,0.0,0.014131376,-0.06513877,-0.0040179826,0.021507332,-0.0,0.0,0.0,0.19637343,0.36108926,-0.058966026
0.051113207,0.0,0.0030123324,-0.06717795,0.009158098,0.0121727865,-0.0,0.0,0.0,0.20827049,0.36266708,-0.04694149
0.0310743,0.0,-0.003916463,-0.029179927,0.010242314,0.00067300815,-0.0,0.0,0.0,0.19374128,0.357419,-0.055415116
0.049594738,0.0,-0.0103890775,-0.038320877,0.01928593,-0.0036150918,-0.0,0.0,0.0,0.20060603,0.3485676,-0.038206887
0.08141866,-0.023442434,-0.041252796,-0.013174781,0.050628364,-0.033962592,-0.0,0.013573409,0.0,0.0,0.31314915,-0.05840502
0.06856986,-0.047014736,-0.05494803,0.030021716,0.05845095,-0.05194894,-0.0,0.020381115,0.0,0.0,0.28208297,-0.07411136
0.028152619,-0.025135454,-0.026848134,0.02062497,0.027403222,-0.026289897,0.0,-0.0067382273,0.0,0.0,0.26508418,-0.0758928
0.0050035627,-0.012644473,-0.010768983,0.015949903,0.009380092,-0.01177892,0.0,0.01656166,0.0,0.0,0.25945362,-0.053342022
0.0,0.027474087,0.015571882,-0.05107021,-0.008609108,0.020678427,0.0,0.0034379472,0.0,0.17214149,0.25792018,-0.0
0.0,0.019290553,0.0069350866,-0.04390963,0.00033165145,0.012266462,0.0,0.036385525,0.0,0.19220793,0.26313978,-0.0
-0.0,0.052758146,0.04035561,-0.07647787,-0.032565515,0.045976534,0.0,-0.0042290795,0.0,0.16414338,0.23672545,-0.0
0.0,0.03370414,0.020311693,-0.059976388,-0.01231074,0.026184043,-0.0,-0.01141464,0.0,0.1684818,0.22248162,0.0
0.0,0.056940533,0.0,-0.12321955,-0.0,0.037949204,-0.0,-0.04674778,0.0,0.12296379,0.0,-0.0
0.0,-0.038169555,-0.0,0.043111768,0.0,-0.036883343,-0.0,0.03261059,0.0,0.187204,0.0,0.0
0.0,0.09517817,0.0,-0.18776242,-0.0,0.06864513,-0.0,-0.078270935,-0.0,0.06757902,0.0,-0.0
0.0,-0.28482187,-0.0,0.37320513,0.0,-0.2596292,0.0,0.16714492,0.0,0.27488306,0.0,0.0
0.0,-0.0,-0.3538254,0.554818,0.0,-0.0,0.0,0.35683534,0.0,0.52268577,0.37649992,0.24192122
0.0,-0.0,-0.54397726,0.4827378,0.0,-0.0,0.0,0.77468467,0.0,0.90066993,0.6640224,0.5669278
0.0,-0.0,-0.98079616,0.854896,0.0,-0.0,-0.0,0.22098966,0.0,0.25165707,0.6332661,0.5721187
0.0,-0.0,-0.9469771,0.81076634,0.0,-0.0,-0.0,-0.75673103,-0.0,-0.49599478,0.49948347,0.42978385
0.0,-0.65864885,-0.0,0.4282223,0.8082517,-0.0,-0.0,-0.50953984,-0.0,-0.0,0.0,0.7671722
0.0,-0.5056306,-0.0,0.2702269,0.6654829,-0.0,-0.0,-0.42708406,-0.0,-0.0,0.0,0.18365403
0.0,-0.21292026,-0.0,0.07246879,0.31234154,-0.0,-0.0,-0.2363384,-0.0,-0.0,-0.0,-0.25574058
-0.0,0.11478179,0.0,-0.08718465,-0.13125701,0.0,0.0,-0.11661408,-0.0,-0.0,-0.0,-0.24079286
-0.34516516,0.0,0.2708033,-0.0,-0.0,0.25516492,0.0,-0.0382514,0.0,0.020695494,-0.16737624,-0.19046617
-0.33613163,0.0,0.31436327,-0.0,-0.0,0.3071919,0.0,-0.1213714,-0.0,-0.03618154,-0.17878886,-0.20995452
-0.33669674,0.0,0.32453138,-0.0,-0.0,0.3189176,0.0,-0.095041834,-0.0,-0.009974153,-0.20285064,-0.22429034
-0.37776792,0.0,0.34410036,-0.0,-0.0,0.33462843,0.0,-0.0905251,-0.0,-0.020879755,-0.23314749,-0.24199453
-0.0,0.31321084,0.36623126,-0.19656073,-0.0,0.3464432,0.0,-0.03884962,0.0,0.0,-0.27408755,-0.0
-0.0,0.36117983,0.41708615,-0.23723674,-0.0,0.39656347,0.0,-0.03260875,0.0,0.0,-0.28682584,-0.0
-0.0,0.3787196,0.44629735,-0.23043081,-0.0,0.42089668,0.0,0.016474133,0.0,0.0,-0.29124534,-0.0
-0.0,0.40743706,0.46626523,-0.27621287,-0.0,0.4448946,0.0,0.036003415,0.0,0.0,-0.2835143,-0.0
-0.0,0.34142736,0.41349915,-0.18526635,-0.0,0.0,0.0,0.0,0.0,0.1448523,-0.0,-0.0
-0.0,0.26906824,0.322963,-0.15170382,-0.0,0.0,0.0,0.0,0.0,0.15629761,-0.0,-0.0
-0.0,0.1741526,0.22970866,-0.05634882,-0.0,0.0,0.0,0.0,0.0,0.20080267,-0.0,-0.0
-0.0,0.12751956,0.14045209,-0.0978064,-0.0,0.0,0.0,0.0,0.0,0.17945741,-0.0,0.0
-0.03935672,0.05150127,0.049644373,-0.05389941,-0.04752099,0.0,0.0,0.0,0.0,0.15867876,0.0114952605,0.05860465
0.040531963,0.053730555,0.02776455,-0.10495367,-0.012236536,0.0,0.0,0.0,0.0,0.12696467,0.014535949,0.091000035
0.052383877,0.03389,0.009661899,-0.082271636,0.0045086127,0.0,0.0,0.0,0.0,0.10600224,0.004623249,0.07457123
0.018747116,0.053084422,0.033700645,-0.0909935,-0.021879602,0.0,-0.0,-0.0,0.0,0.070894286,-0.010561114,0.06788204
0.0,0.045286246,0.020392958,-0.0,-0.0,0.031120181,-0.0,-0.0,0.0,0.07478551,-0.0,0.060553502
0.0,0.037931193,0.021554258,-0.0,-0.0,0.028705291,-0.0,-0.0,0.0,0.06645626,-0.0,0.07129475
0.0,0.015669033,0.0036079905,-0.0,0.0,0.008794239,0.0,0.0,0.0,0.07094464,-0.0,0.072517805
0.0,0.030859811,0.009363787,-0.0,0.0,0.018680891,0.0,0.0,0.0,0.05452025,-0.0,0.08266882
0.018634059,0.004529636,-0.0,-0.017948415,0.00606386,0.00064314296,0.0,0.021279741,0.0,0.054187965,-0.012740755,0.077969976
0.039273396,0.01879176,0.0,-0.051729582,0.007098768,0.009313704,0.0,0.0032287363,0.0,0.030383712,-0.028335532,0.079795636
0.029628057,-0.019226275,-0.0,0.011424592,0.024583505,-0.021559503,0.0,0.011093705,0.0,0.023654921,-0.04549191,0.060719423
0.050672397,-0.039191786,-0.0,0.02874214,0.04561968,-0.042089745,0.0,-0.010410229,0.0,-0.010740279,-0.076451674,0.037208337
0.0,-0.04823697,-0.041409224,0.060581826,0.036723588,-0.0,0.0,-0.0026092918,0.0,-0.00796672,-0.0993352,0.021977987
-0.0,-0.009342228,0.0022224004,0.03246496,-0.008845366,-0.0,0.0,-0.0114262765,0.0,-0.016601492,-0.10186229,0.029706804
0.0,-0.0011617203,-0.0058102114,-0.008698588,0.008354993,-0.0,0.0,0.002396712,0.0,-0.01006618,-0.10359986,0.027897306
0.0,0.03200621,0.02256719,-0.05014069,-0.01684066,0.0,0.0,0.002042537,0.0,-0.008269551,-0.08681256,0.056249004
0.004401773,0.026957523,0.018663177,-0.043384492,-0.013454603,0.0,0.0,0.011368968,0.0,-0.0,-0.083434224,0.037033297
-0.020919897,0.0557892,0.047345042,-0.07115337,-0.041619953,0.0,0.0,-0.038704623,0.0,-0.0,-0.09771641,0.05683971
0.023615697,0.027403865,0.0132704135,-0.055388264,-0.004892049,0.0,-0.0,-0.03607806,-0.0,-0.0,-0.108794495,0.019142896
0.048029248,0.026813941,0.0056691645,-0.06901758,0.006639188,0.0,-0.0,-0.021766873,0.0,-0.0,-0.11796423,0.039128155
0.025076922,-0.0,-0.029289527,0.029721178,0.0,-0.0,0.0,0.0023692253,0.0,-0.027922537,-0.11521084,-0.0063993437
0.048833456,0.0,0.003345006,-0.06532949,0.0,0.0,-0.0,-0.019298842,0.0,-0.056616507,-0.13389923,0.04169076
-0.005727544,-0.0,-0.058965184,0.1272283,0.0,-0.0,0.0,-0.005723166,-0.0,-0.018658694,-0.077236615,-0.18281364
0.049394038,-0.0,-0.34596384,0.64497626,0.0,-0.0,0.0,0.2694106,0.0,0.22704719,0.02009491,0.07846426
0.23148403,-0.38290268,-0.0,0.0,0.0,-0.0,0.0,0.47690454,0.0,0.47631282,0.1571715,0.0
0.7185287,-0.73331654,-0.0,0.0,0.0,-0.0,-0.0,0.7787991,0.0,0.61509323,0.42976975,0.0
0.9698513,-0.967702,-0.0,0.0,0.0,-0.0,-0.0,-0.34346494,-0.0,-0.47239977,0.22133416,0.0
0.9384921,-0.7797698,-0.0,0.0,0.0,-0.0,-0.0,-0.76322067,-0.0,-0.58720064,0.37256375,0.0
0.0,-0.55776894,-0.7059943,0.0,0.77812517,-0.0,-0.0,-0.0,-0.0,-0.3691546,0.0,0.0
0.0,-0.4128292,-0.5196608,0.0,0.571374,-0.0,-0.0,-0.0,-0.0,-0.52938145,-0.0,-0.0
0.0,-0.040272996,-0.07906586,-0.0,0.09998734,-0.0,0.0,-0.0,-0.0,-0.30954385,-0.0,-0.0
-0.0,0.19158152,0.22706856,-0.0,-0.24321948,0.0,0.0,-0.0,-0.0,-0.15608412,-0.0,-0.0
-0.0,0.28709784,0.30335984,-0.0,-0.30695772,0.0,0.0,-0.064018235,-0.0,-0.09888428,-0.314781,-0.0
-0.0,0.28880298,0.29964492,-0.0,-0.30034798,0.0,0.0,-0.06380784,-0.0,-0.12277609,-0.35051113,-0.0
-0.0,0.2851017,0.3254126,-0.0,-0.34242457,0.0,0.0,-0.019261679,-0.0,-0.08112121,-0.35032237,-0.0
-0.0,0.29307294,0.348376,-0.0,-0.37366343,0.0,0.0,-0.015991125,-0.0,-0.07897018,-0.3776289,-0.0
-0.49633878,0.0,0.0,-0.20844325,-0.42053428,0.0,0.0,0.0,0.0,-0.051553592,-0.39475256,-0.28939667
-0.56609714,0.0,0.0,-0.23179798,-0.47710305,0.0,0.0,0.0,0.0,-0.051072504,-0.42648134,-0.32003945
-0.58071786,0.0,0.0,-0.25870872,-0.4975677,0.0,0.0,0.0,0.0,-0.0090761855,-0.435451,-0.30532372
-0.58030415,0.0,0.0,-0.21496136,-0.48053536,0.0,0.0,0.0,0.0,0.019284014,-0.432187,-0.300988
-0.5478692,0.3302018,0.40499726,-0.16849971,-0.44052297,0.0,0.0,0.0,0.0,0.07497337,-0.3747832,-0.22818789
-0.4267642,0.27052483,0.32531458,-0.15105882,-0.35068816,0.0,0.0,0.0,0.0,0.10232028,-0.29789102,-0.16225472
-0.23626292,0.19559276,0.21385022,-0.15267818,-0.22042777,0.0,0.0,0.0,0.0,0.13482173,-0.18436354,-0.032988258
-0.08293416,0.12824202,0.1190653,-0.14304543,-0.11153889,0.0,0.0,0.0,0.0,0.10385771,-0.08634277,0.06381599
-0.0,0.07285639,0.0,-0.104792975,-0.045459278,0.0,0.0,0.0,0.0,0.07945586,-0.038825743,0.0
0.0,0.051503852,0.0,-0.08702947,-0.022358518,0.0,0.0,0.0,0.0,0.018711342,-0.05236107,0.0
0.0,0.039568674,0.0,-0.07599954,-0.010117676,0.0,-0.0,0.0,-0.0,-0.007287556,-0.058520444,0.0
0.0,0.027330896,-0.0,-0.08416919,0.017163651,0.0,-0.0,0.0,-0.0,-0.009472814,-0.057365645,0.0
0.03563418,0.0,-0.003745945,-0.035039354,0.011027822,0.0,-0.0,0.0,-0.0,0.0,-0.043797985,0.09014207
0.03048525,0.0,0.01213109,-0.06104496,-0.0023838584,0.0,-0.0,0.0,-0.0,-0.0,-0.0322776,0.08701693
0.021079786,0.0,0.005054112,-0.035623774,0.00086063053,0.0,-0.0,0.0,0.004154712,-0.0,-0.013882269,0.10932686
0.02040208,0.0,0.015315445,-0.055610884,-0.0072760214,0.0,-0.0,0.0,-0.011600457,-0.0,0.0052821785,0.124828994
0.029340044,0.009421293,-0.0016912546,-0.03201976,0.0,0.0,-0.0,0.0,0.0,-0.0,0.003988436,0.12779902
0.0024824191,-0.015316729,-0.012092924,0.02133651,0.0,-0.0,-0.0,0.0,-0.0,-0.0,-0.009822122,0.12081873
0.036651812,-0.042283636,-0.041984003,0.04154291,0.0,-0.0,-0.0,0.0,-0.0,-0.0,-0.004926249,0.11625709
0.00758369,-0.01734585,-0.015060798,0.021349624,0.0,-0.0,-0.0,0.0,-0.0,-0.0,-0.0017206423,0.1092723
0.0022054182,-0.004296818,-0.0,0.0047757663,0.0,-0.0,-0.0,0.0,-0.0,-0.0,0.0,0.0
0.026420927,0.025640337,0.0,-0.05441122,-0.0,0.0,-0.0,0.0,-0.0,-0.0,0.0,0.0
0.00022482158,0.027245821,0.0,-0.041071583,-0.0,0.0,0.0,0.0,0.0,-0.0,0.0,0.0
-0.003520009,0.043175876,0.0,-0.06286691,-0.0,0.0,-0.0,0.0,-0.0,-0.0,0.0,0.0
0.031821806,0.0,0.0,-0.0,-0.012843339,0.0,-0.0,0.0,-0.037385736,-0.08311034,0.0,0.0
0.080396034,0.0,0.0,-0.0,0.004446056,0.0,-0.0,0.0,-0.05126533,-0.09512188,0.0,0.0
0.06144818,-0.0,-0.0,-0.0,0.034580532,-0.0,-0.0,0.0,-0.012486983,-0.07331002,0.0,0.0
0.04902237,0.0,-0.0,-0.0,0.01616266,0.0,-0.0,0.0,-0.039207667,-0.082184084,0.0,0.0
0.0591681,-0.049781356,-0.0,0.039176077,0.05571204,-0.0,-0.0,0.0,0.01120286,-0.047459826,0.10812541,0.13804317
0.08901208,0.051786944,0.0,-0.13080928,0.010981031,0.0,-0.0,0.0,-0.062005095,-0.095916234,0.091529146,0.064230844
0.08030576,-0.32635772,-0.0,0.44224003,0.22441547,-0.0,0.0,0.0,0.16140902,0.11686599,0.18825486,0.038985565
0.1313626,-0.4322786,-0.0,0.5708093,0.30869028,-0.0,0.0,0.0,0.28913072,0.2520615,0.29169708,0.30132273
0.3537606,-0.466961,-0.44891176,0.49025849,0.0,-0.0,0.0,0.0,0.66189235,0.6641676,0.5543345,0.53255624
0.818252,-0.83125716,-0.8546301,0.75967574,0.0,-0.0,-0.0,0.0,0.60828304,0.5933611,0.78034467,0.7991391
0.9094876,-0.9308244,-0.9550325,0.85456914,0.0,-0.0,-0.0,-0.0,-0.523343,-0.3762301,0.6321322,0.6160301
0.90742123,-0.68911386,-0.77588814,0.4929793,0.0,-0.0,-0.0,-0.0,-0.5487899,-0.29099613,1.0,1.0
0.8092027,-0.47876874,-0.0,0.23586684,0.6455025,-0.0,-0.0,-0.0,-0.41833588,-0.3626269,0.0,0.0
0.49340674,-0.27133358,-0.0,0.11307574,0.38181564,-0.0,-0.0,-0.0,-0.27967954,-0.3462563,0.0,-0.0
0.026905473,0.09352464,0.0,-0.15610331,-0.04152044,0.0,-0.0,-0.0,-0.14149521,-0.14507428,-0.0,-0.0
-0.2488745,0.2291668,0.0,-0.19527318,-0.24556948,0.0,-0.0,-0.0,-0.045332883,-0.02296279,-0.0,-0.0
-0.0,0.0,0.26588243,-0.2434825,-0.26373002,0.0,0.0,-0.0,-0.04607104,-0.009104461,-0.0,-0.22275215
-0.0,0.0,0.27885205,-0.15219375,-0.29635474,0.0,0.0,-0.0,-0.03651611,-0.009290887,-0.0,-0.2674162
-0.0,0.0,0.31283942,-0.19691497,-0.32745424,0.0,0.0,-0.0,-0.03074946,0.008200064,-0.0,-0.28836375
-0.0,0.0,0.34790725,-0.1948067,-0.36883762,0.0,0.0,-0.0,-0.013529569,0.013912531,-0.0,-0.34033567
-0.507465,0.0,0.41414306,-0.0,-0.43823257,0.0,0.0,-0.0,0.002603209,0.027143024,-0.0,-0.3617611
-0.5133077,0.0,0.42121625,-0.0,-0.44513017,0.0,0.0,0.0,0.029341236,0.044064563,-0.0,-0.40232146
-0.58470315,0.0,0.44842637,-0.0,-0.48265055,0.0,0.0,0.0,0.07670538,0.08834249,-0.0,-0.41638032
-0.5579821,0.0,0.4377149,-0.0,-0.468194,0.0,0.0,0.0,0.14245246,0.16242328,-0.0,-0.3692121
-0.46458945,0.0,0.0,-0.24310304,-0.4118304,0.0,0.0,0.0,0.18685852,0.0,-0.0,-0.2659292
-0.3257819,0.0,0.0,-0.20020726,-0.30021793,0.0,0.0,0.0,0.2104257,0.0,0.0,-0.15422405
-0.17368962,0.0,0.0,-0.18030526,-0.18835287,0.0,0.0,0.0,0.18702713,0.0,0.0,-0.027882602
-0.06793451,0.0,0.0,-0.11126991,-0.08927059,0.0,0.0,0.0,0.14428906,0.0,0.0,0.044687968
-0.0037341926,0.06673834,0.050418127,-0.0,-0.0,0.0,-0.0,0.0,0.06838888,0.22267094,0.0,0.058312923
0.08753377,0.03004112,-0.0035915738,-0.0,0.0,0.0,-0.0,0.0,0.04903106,0.19442165,0.0,0.044946447
0.119497426,0.0070332186,-0.02996562,-0.0,0.0,-0.0,-0.0,0.0,0.058204237,0.1900331,0.0,0.03215196
0.0800897,-0.012041584,-0.032459214,-0.0,0.0,-0.0,-0.0,0.0,0.050357994,0.19232766,0.0,0.02866811
0.02809388,-0.0,-0.015802141,-0.0,0.018627057,-0.0,-0.0,0.0,0.058609653,0.19460471,0.0,0.04312563
0.030612214,-0.0,-0.010993104,-0.0,0.015486113,-0.0,-0.0,0.0,0.06320819,0.18576367,0.0,0.0343213
0.016730262,0.0,0.008547031,-0.0,-0.0028794063,0.0,-0.0,0.0,0.05984876,0.17474063,0.0,0.044114202
0.0045144935,-0.0,-0.0050224024,0.0,0.00487962,-0.0,0.0,0.0,0.05251714,0.15478122,0.0,0.047134753
0.012423847,-0.02742691,-0.02392724,0.03372831,0.021525389,-0.0,-0.0,0.0,0.052697744,0.14324965,0.0,0.054711096
0.013113151,-0.01330109,-0.013632804,0.012243205,0.013591918,-0.0,0.0,0.0,0.04602496,0.13136251,0.0,0.044283934
-0.02399688,-0.003012056,0.004809303,0.019238718,-0.009275131,0.0,0.0,0.0,0.04900497,0.12924168,0.0,0.064635254
0.009011611,0.010454988,0.005086101,-0.020945786,-0.0018773864,0.0,0.0,0.0,0.0466989,0.11459952,0.0,0.081754245
0.0,0.0,0.0,-0.1004823,0.0,0.0,0.0,0.0,0.05705868,0.11627486,0.0,0.08850185
-0.0,0.0,0.0,-0.05393022,-0.0,0.0,0.0,0.0,0.048464224,0.10774673,0.0,0.095613815
0.0,0.0,0.0,-0.10866951,-0.0,0.0,-0.0,-0.0,0.010475209,0.09170135,0.0,0.093451954
0.0,0.0,0.0,-0.08661462,0.0,0.0,-0.0,-0.0,-0.0066019683,0.070051536,0.0,0.07996592
0.029334972,0.0,-0.0067357416,-0.021369562,0.011816646,-0.0,-0.0,-0.0,0.0149904275,0.0,0.0,0.0
0.03092532,-0.0,-0.027487993,0.019137308,0.028429817,-0.0,-0.0,-0.0,0.006172758,0.0,0.0,0.0
0.035319354,-0.0,-0.030272666,0.019480176,0.03155179,-0.0,-0.0,0.0,0.031045282,0.0,0.0,0.0
0.047797848,-0.0,-0.041554354,0.02732306,0.043094613,-0.0,-0.0,-0.0,0.017985001,0.0,-0.0,0.0
0.051686477,-0.0,-0.031789694,0.0029378838,0.036466908,-0.0,-0.0,0.0,0.033072673,0.0,-0.0,0.06691276
0.00081683166,-0.0,-0.051119518,0.103084676,0.040095195,-0.0,0.0,0.0,0.02171529,0.0,-0.0,0.016864875
0.036631558,-0.0,-0.38662523,0.7429493,0.30943507,-0.0,0.0,0.0,0.28783563,0.0,0.0,0.123689026
0.10040087,-0.0,-0.3309924,0.55335754,0.28075966,-0.0,0.0,0.0,0.3696555,0.0,0.0,0.27764097
0.5296495,-0.60646784,-0.0,0.0,0.5909935,-0.0,0.17337674,0.0,0.8700151,0.8597683,0.0,0.63311654
0.9496842,-0.91507864,-0.0,0.0,0.960481,-0.0,-0.5894624,0.0,0.12932761,0.09553569,0.0,0.60918456
0.93858224,-0.8276702,-0.0,0.0,0.9052671,-0.0,-0.74299866,-0.0,-0.722798,-0.5102666,0.0,0.5635733
0.9654662,-0.58121,-0.0,0.0,0.7758676,-0.0,-0.46606925,-0.0,-0.45496193,-0.25179735,0.0,0.7579161
0.7966337,-0.46299273,-0.57622546,0.21951796,0.0,-0.0,-0.35796764,-0.0,-0.43676144,-0.0,-0.0,0.08429351
0.35614005,-0.15544584,-0.21948813,0.021000028,0.0,-0.0,-0.28115326,-0.0,-0.25640175,-0.0,-0.0,-0.25143644
-0.1531954,0.09807618,0.11753063,-0.05575144,-0.0,0.0,0.05968465,-0.0,-0.09572145,-0.0,-0.0,-0.18997335
-0.31949458,0.1830958,0.22920781,-0.0841783,-0.0,0.0,0.1462225,-0.0,-0.010828988,-0.0,-0.0,-0.13520408
-0.32831985,0.20875071,0.25070646,-0.0,-0.2701406,0.0,0.0,-0.0,-0.03553746,-0.06887936,-0.0,-0.14440037
-0.4002119,0.22415154,0.28323212,-0.0,-0.31191593,0.0,0.0,-0.0,-0.005339888,-0.042559408,-0.0,-0.16702819
-0.45374787,0.2607408,0.3260532,-0.0,-0.35738117,0.0,0.0,-0.0,-0.017597862,-0.059617538,-0.0,-0.19674341
-0.48476177,0.29097635,0.35739425,-0.0,-0.38896963,0.0,0.0,-0.0,0.013836023,-0.030062616,-0.0,-0.22500776
-0.5564841,0.31014475,0.39272743,-0.13324827,-0.43282965,0.0,0.37485677,-0.0,0.0088182,-0.0,-0.0,-0.2557419
-0.5959573,0.3541018,0.43687925,-0.17547542,-0.47623903,0.0,0.40735903,0.0,0.06465236,0.0,-0.0,-0.26100674
-0.66225207,0.39369166,0.4855627,-0.19561213,-0.5292059,0.0,0.43688196,0.0,0.10288712,0.0,-0.0,-0.2319654
-0.5664742,0.38817903,0.45332766,-0.24443123,-0.48237497,0.0,0.41446188,0.0,0.16758299,0.0,-0.0,-0.15741478
-0.45970747,0.35057035,0.3941221,-0.25171313,-0.4118632,0.0,0.35810503,0.0,0.19010536,0.16872407,-0.0,-0.06343296
-0.30341357,0.256771,0.27886984,-0.20460062,-0.28631607,0.0,0.30137068,0.0,0.20379159,0.20240752,-0.0,0.02356296
-0.12895712,0.17984967,0.17074913,-0.19295698,-0.16235495,0.0,0.097205,0.0,0.117291905,0.14342563,-0.0,0.08909259
-0.028902195,0.08697374,0.07283177,-0.11338358,-0.06330757,0.0,-0.106306866,0.0,0.071035944,0.094649985,-0.0,0.10463071
0.0,0.03539189,0.010888762,-0.08426786,0.003354458,0.0,-0.07265734,0.0,0.0,0.0,-0.0,0.10732981
0.0,-0.015135718,-0.029879337,-0.015336371,0.03771714,-0.0,-0.049321696,0.0,0.0,0.0,-0.0,0.08433459
0.0,-0.01307952,-0.025489155,-0.012765361,0.03215915,-0.0,-0.017153619,0.0,0.0,0.0,-0.0,0.06921507
0.0,-0.025728568,-0.022181435,0.03213129,0.019658718,-0.0,-0.0012051497,0.0,0.0,0.0,-0.0,0.08097775
-0.0018153007,0.0,0.004815486,-0.0,-0.0,0.0,0.0,0.0,0.0,0.03542949,-0.0,0.07861693
0.0150487805,-0.0,-0.005990792,-0.0,0.0,-0.0,0.0,0.0,0.0,0.043496117,-0.0,0.08955307
0.011593683,-0.0,-0.017104346,0.0,0.0,-0.0,0.0,-0.0,0.0,0.013977392,-0.0,0.07110949
0.006672264,-0.0,-0.023825191,0.0,0.0,-0.0,0.0,-0.0,0.0,0.020772709,-0.0,0.07034991
-0.010755032,-0.0015998194,0.001983301,0.0,-0.0040246607,0.0,0.030874273,-0.0,0.017678678,0.0041428884,-0.0,0.086959206
-0.015069683,-0.005383941,0.00043614235,0.0,-0.0037665938,-0.0,0.04903555,-0.0,0.03215717,0.010520943,-0.0,0.08176956
0.03162308,0.041563455,0.021343993,-0.0,-0.00940127,0.0,0.051902417,-0.0,0.022581395,-0.0033096427,-0.0,0.09513923
0.028727125,0.03312821,0.01601498,-0.0,-0.005883222,0.0,0.10619103,-0.0,0.033754088,-0.0011918208,-0.0,0.085228205
0.015975835,0.05345414,0.03472868,-0.08981799,-0.0,0.0,0.014708167,-0.0,-0.014071072,-0.0312717,-0.0,0.06711895
0.026149372,0.02674273,0.012088955,-0.056087036,-0.0,0.0,-0.13081473,-0.0,-0.027521169,-0.03684061,-0.0,0.06574317
0.059647568,0.0267414,0.0021821035,-0.07583954,0.0,0.0,-0.10916502,-0.0,-0.032930437,-0.054515447,-0.0,0.060627706
0.007383327,-0.036165502,-0.028864546,0.050078515,0.0,-0.0,-0.04874085,-0.0,0.0007711883,-0.038530044,-0.0,0.04422553
0.024907934,-0.0,-0.0,0.0,0.017903928,-0.0,-0.051403224,-0.0,-0.015394657,-0.048356645,-0.0,0.03972376
0.059816748,-0.0,-0.0,0.0,0.060742617,-0.0,0.00015136295,-0.0,0.00047765728,-0.03548028,-0.0,0.030621108
0.017646033,-0.0,-0.0,0.0,0.015027039,-0.0,-0.012845881,-0.0,-0.00605448,-0.058467817,-0.0,0.030029422
0.013979552,-0.0,-0.0,0.0,0.050644476,-0.0,0.026648013,-0.0,0.01772856,-0.036575843,-0.0,0.0068206387
0.0,-0.0142488135,-0.0,0.006917028,0.0,-0.0,-0.04256342,-0.0,-0.03793887,-0.08636452,-0.0,-0.02284494
-0.0,-0.0,-0.0,0.3711736,0.0,-0.0,0.1559638,0.0,0.09299918,0.01754538,-0.0,0.0054467325
0.0,-0.0,-0.0,0.7370504,0.0,-0.0,0.34430614,0.0,0.28155908,0.21719617,0.0,0.14503759
0.0,-0.0,-0.0,0.42440763,0.0,-0.0,0.4096757,0.0,0.53045326,0.5410527,0.0,0.33245528
0.7548368,-0.0,-0.7523731,0.0,0.0,-0.0,-0.08913205,0.0,0.0,0.0,0.0,0.0
0.99371296,-0.0,-0.95646626,0.0,0.0,-0.0,-0.7639668,-0.0,-0.0,-0.0,0.0,0.0
0.94171685,-0.0,-0.80090106,0.0,0.0,-0.0,-0.72670025,-0.0,-0.0,-0.0,0.0,0.0
0.97236514,-0.0,-0.66663206,0.0,0.0,-0.0,-0.6378405,-0.0,-0.0,-0.0,0.0,0.0
0.6621087,-0.0,-0.49452993,0.21416266,0.5363549,-0.0,-0.38110948,-0.0,-0.4477955,-0.55076844,-0.0,-0.0
0.13578199,-0.0,-0.085230954,0.011267537,0.09744547,-0.0,-0.109498166,-0.0,-0.20915122,-0.29494086,-0.0,-0.0
-0.2858056,0.0,0.17074946,-0.0058377027,-0.198184,0.0,0.13382663,-0.0,-0.07914892,-0.13131952,-0.0,-0.0
-0.3254978,0.0,0.24737689,-0.11395543,-0.26698226,0.0,0.14947571,-0.0,-0.056393452,-0.098251514,-0.0,-0.0
-0.3814298,0.0,0.26917943,-0.0,-0.29670608,0.0,0.21290566,-0.0,-0.06557931,-0.117716424,-0.0,-0.21021555
-0.43671113,0.0,0.31058747,-0.0,-0.34150508,0.0,0.21522972,-0.0,-0.04671335,-0.10051798,-0.0,-0.22851285
-0.46345916,0.0,0.3253333,-0.0,-0.35910442,0.0,0.27077898,-0.0,-0.049034428,-0.0,-0.0,-0.27024683
-0.53223866,0.0,0.37582266,-0.0,-0.41421255,0.0,0.28110787,0.0,-0.025984088,-0.0,-0.0,-0.3045062
-0.61353654,0.0,0.0,-0.0,-0.0,0.0,0.0,0.0,-0.0012139574,-0.0,-0.0,-0.320568
-0.6116881,0.0,0.0,-0.0,-0.0,0.0,0.0,0.0,0.044966932,-0.0,-0.0,-0.31799042
-0.6151833,0.0,0.0,-0.0,-0.0,0.0,0.0,0.0,0.09867546,0.0,-0.0,-0.26994434
-0.53940654,0.0,0.0,-0.0,-0.0,0.0,0.0,0.0,0.14855523,0.0,-0.0,-0.181723
-0.39449832,0.0,0.0,-0.24110776,-0.0,0.0,0.26682597,0.0,0.14405929,0.0,-0.0,-0.0
-0.20771122,0.0,0.0,-0.2373985,-0.0,0.0,-0.031130124,0.0,0.09058306,0.0,-0.0,-0.0
-0.05620048,0.0,0.0,-0.14351542,-0.0,0.0,-0.14072265,0.0,0.05159667,0.0,-0.0,0.0
0.028166916,0.0,0.0,-0.07544872,-0.0,0.0,-0.13658015,0.0,0.031136846,0.0,-0.0,0.0
0.043856148,-0.0,-0.0,-0.0,0.029072162,-0.02089008,-0.0,0.0,-0.0028666959,0.0,-0.0,0.082807206
0.044707786,-0.0,-0.0,0.0,0.037290584,-0.03254351,-0.0,0.0,-0.0016504693,-0.0,-0.0,0.07473294
0.02412053,-0.0,-0.0,0.0,0.023370236,-0.02231469,-0.0,0.0,-0.0085553145,-0.0,-0.0,0.068376236
0.041318517,0.0,-0.0,-0.0,0.015914677,-0.0027818845,-0.0,0.0,-0.0033258814,-0.0,0.0,0.06559671
-0.0113218445,-0.0,-0.0,0.024291802,0.001635166,-0.0,-0.0,0.0,-0.0,-0.0,0.0,0.076060034
-0.0027661792,-0.0,-0.0,0.035871334,0.012005573,-0.0,-0.0,0.0,-0.0,-0.0,0.0,0.0729055
-0.026319044,0.0,0.0,-0.0031649715,-0.019435717,0.0,-0.0,0.0,-0.0,-0.0,0.0,0.07359896
-0.009953918,0.0,0.0,-0.025445076,-0.016639445,0.0,-0.0,0.0,-0.0,-0.0,0.0,0.07878558
0.01251088,0.0,0.0,-0.06969178,-0.018160488,0.0,-0.061330635,0.0,-0.011947944,-0.0,0.0,0.09400969
0.039494798,0.0,0.0,-0.09209328,-0.008207813,0.0,-0.057998445,0.0,-0.00085314293,-0.0,0.0,0.10389119
0.016103761,0.0,0.0,-0.096015766,-0.02575498,0.0,-0.009198623,0.0,-0.026326362,-0.0,0.0,0.07553966
0.030780908,0.0,0.0,-0.12147727,-0.025275711,0.0,-0.17887361,0.0,-0.060358267,-0.0,0.0,0.08054312
0.04534045,0.0,0.0,-0.117585465,-0.013765762,0.043574207,-0.27374077,0.0,-0.07589575,-0.0,0.0,0.061030265
0.06628996,0.0,-0.0,-0.054550137,0.024733411,-0.0029971127,-0.2025757,0.074782796,-0.048199702,-0.0,0.0,0.056303613
0.056037515,0.0,-0.0,-0.03811839,0.023871237,-0.00710543,-0.17888743,0.07146434,-0.05918474,-0.0,0.0,0.035259258
0.022565603,-0.0,-0.0,0.039462887,0.03062735,-0.0339412,-0.15767665,0.09317101,-0.03597792,-0.0,0.0,0.038639594
0.07685302,-0.0,-0.0,-0.04362849,0.0,-0.0,-0.13284263,0.0,-0.054018658,-0.0,0.0,0.023820791
0.035066374,-0.0,-0.0,0.027557936,0.0,-0.0,-0.13180949,0.0,-0.03115514,-0.0,0.0,0.0
0.026435181,-0.0,-0.0,0.017910978,0.0,-0.0,-0.1352321,0.0,-0.054870136,-0.0,0.0,-0.0
0.025451584,-0.0,-0.0,0.118166596,0.0,-0.0,-0.11810858,0.0,-0.013167561,-0.0,0.0,-0.0
0.041523244,0.0,-0.0,-0.03847534,0.013669758,0.0010455311,-0.0,0.061036393,-0.0,-0.0,0.0,-0.0
0.05437934,-0.0,-0.0,0.49096617,0.22520119,-0.3076447,0.0,0.2880472,0.0,0.0,0.0,0.0
0.071285255,-0.0,-0.0,0.4972619,0.23932141,-0.31982282,0.0,0.39029098,0.0,0.0,0.0,0.0
0.39030555,-0.0,-0.0,0.38515788,0.4153391,-0.41906604,0.0,0.8154128,0.0,0.0,0.0,0.0
0.85417175,-0.0,-0.0,0.6811258,0.8467492,-0.8249798,-0.4161496,0.0,0.5028111,0.0,0.0,0.0
0.9055954,-0.0,-0.0,0.7822292,0.92088515,-0.9091322,-0.9279144,-0.0,-0.70833755,-0.0,0.0,0.0
0.8872425,-0.0,-0.0,0.42869732,0.77288246,-0.6979687,-0.84345716,-0.0,-0.653051,-0.0,0.0,0.0
0.73226345,-0.0,-0.0,0.28008154,0.60956997,-0.53393924,-0.54869324,-0.0,-0.52592134,-0.0,0.0,0.0
0.0,-0.0,-0.0,0.0,0.36662814,-0.31552905,-0.35728952,-0.0,-0.32281312,-0.0,-0.0,-0.0
-0.0,0.0,0.0,-0.0,-0.034032,0.03811647,-0.08531877,-0.0,-0.13537106,-0.0,-0.0,-0.0
-0.0,0.0,0.0,-0.0,-0.22034514,0.18479449,0.05838775,-0.0,-0.050954424,0.0,-0.0,-0.0
-0.0,0.0,0.0,-0.0,-0.2638035,0.2411487,0.07623814,-0.0,-0.057791334,-0.0,-0.0,-0.0
-0.33542272,0.0,0.0,-0.1423704,-0.28452155,0.25246102,0.13100235,-0.0,-0.0,-0.0,-0.0,-0.0
-0.36601406,0.0,0.0,-0.15527658,-0.31048635,0.2755244,0.14539382,-0.0,-0.0,0.0,-0.0,-0.0
-0.445521,0.0,0.0,-0.14317617,-0.36054125,0.30941448,0.20766065,-0.0,-0.0,0.0,-0.0,-0.0
-0.5212334,0.0,0.0,-0.22422375,-0.4437858,0.3946374,0.24648628,-0.0,-0.0,0.0,-0.0,-0.0
-0.0,0.0,0.0,-0.28976023,-0.4865632,0.0,0.30968073,-0.010858692,0.0,0.0,-0.0,-0.0
-0.0,0.0,0.0,-0.3384827,-0.53316516,0.0,0.3352722,0.030948306,0.0,0.0,-0.0,-0.0
-0.0,0.0,0.0,-0.3285733,-0.50682724,0.0,0.38445222,0.10172466,0.0,0.0,-0.0,-0.0
-0.0,0.0,0.0,-0.31238413,-0.42882884,0.0,0.22337496,0.11426662,0.0,0.0,-0.0,-0.0
-0.2884633,0.0,0.0,-0.25790533,-0.0,0.0,-0.005031079,0.11385796,0.0,0.0,0.0,-0.0
-0.085081704,0.0,0.0,-0.20181218,-0.0,0.0,-0.051551472,0.10244366,0.0,0.0,0.0,-0.0
0.011639637,0.0,0.0,-0.071250334,-0.0,0.0,-0.06578731,0.08276899,0.0,0.0,0.0,-0.0
0.033830807,-0.0,-0.0,-0.005282636,0.0,-0.0,-0.09046581,0.04047657,0.0,0.0,0.0,-0.0
0.08332262,-0.0,-0.0,0.022144219,0.0,-0.0,-0.07724659,0.03580838,0.0,0.0,0.0,-0.0
0.025703562,-0.0,-0.0,0.040179405,0.0,-0.0,-0.05906666,0.019837543,0.0,0.0,0.0,-0.0
0.05879758,-0.0,-0.0,0.035183363,0.0,-0.0,-0.031067692,0.021645304,0.0,0.0,0.0,-0.0
0.03297304,-0.0,-0.0,0.046838,0.0,-0.0,-0.0367306,0.0052737407,0.0,0.0,0.0,-0.0
-0.0,-0.0,-0.0,0.08368195,0.016632207,-0.0,-0.00958695,0.009082944,0.0,0.0,0.0,-0.0
-0.0,0.0,0.0,-0.0098512275,-0.011303894,0.0,-0.007310033,-0.008620459,0.0,0.0,0.0,-0.0
0.0,0.0,0.0,-0.06298094,-0.008917733,0.0,0.021890825,-0.0033757242,0.0,0.0,0.0,-0.0
0.0,0.0,0.0,-0.097460054,-0.028086662,0.0,0.0058636228,-0.018419957,0.0,0.0,0.0,0.0
0.021723112,0.0,0.0,-0.0,-0.021527976,0.043095637,0.0745689,-0.0,0.0,0.0,0.0,0.0
0.024084143,0.0,0.0,-0.0,-0.027348503,0.0529441,-0.02468712,-0.0,-0.0,0.0,0.0,0.0
0.042923015,0.0,0.0,-0.0,-0.0085300105,0.03456813,-0.17653441,-0.0,-0.0,0.0,0.0,0.0
0.0,0.0,0.0,-0.0,0.008806645,0.008152034,-0.14884305,-0.0,-0.0,0.0,0.0,0.0
0.0,-0.0,-0.0,-0.034673627,0.039478667,-0.019267747,-0.0,-0.042768992,0.0,0.0,0.026736094,0.0
0.0,-0.0,-0.0,0.011230967,0.039165165,-0.031987,-0.0,-0.053665563,-0.0,0.0,0.025953382,0.0
0.0,-0.0,-0.0,0.0,0.03392896,-0.04564059,-0.0,-0.024145043,0.0,0.0,-0.0011653443,0.0
0.0,-0.0,-0.0,0.0,0.04030349,-0.041121792,-0.0,-0.047430746,-0.0,0.0,-0.014020175,0.0
0.0,-0.0,-0.0,0.0,0.039516356,-0.0,-0.00087520055,-0.017332979,0.025883695,0.0,-0.0,0.0
0.0,-0.0,-0.0,0.0,0.071016796,-0.0,-0.03761809,-0.05315793,-0.0010522984,0.0,-0.0,0.0
0.0,-0.0,-0.0,0.0,0.0942762,-0.0,-0.07404432,-0.011070015,0.04598099,0.0,0.0,0.0
0.0,-0.0,-0.0,-0.0,0.19766815,-0.0,-0.30990136,0.06712946,0.13738428,0.0,0.0,0.0
0.0,-0.0,-0.0,0.0,0.0,-0.5680451,-0.024903767,0.46842465,0.0,0.0,0.0,0.0
0.0,-0.0,-0.0,0.0,0.0,-0.91029966,0.3576855,0.100655004,0.0,-0.0,0.0,0.0
0.0,-0.0,-0.0,0.0,0.0,-1.0,0.12506044,-0.60841584,-0.0,-0.0,0.0,0.0
0.0,-0.0,-0.0,0.0,0.0,-0.678787,-0.25418225,-0.5561731,-0.0,-0.0,-0.0,-0.0
0.0,-0.0,-0.0,-0.0,0.0,-0.108166836,-0.0,-0.3757715,-0.32338387,-0.0,-0.3348208,-0.0
-0.0,0.0,0.0,-0.0,-0.0,0.16791491,-0.0,-0.122753814,-0.06768627,-0.0,-0.24196903,-0.0
-0.0,0.0,0.0,-0.0,-0.0,0.20826831,-0.0,-0.14154911,-0.086858876,0.0,-0.21915227,-0.0
-0.0,0.0,0.0,-0.0,-0.0,0.2299519,0.0,-0.106840305,-0.050403688,0.0,-0.23515888,-0.0
-0.0,0.0,0.0,-0.0,-0.0,0.24847384,0.04066544,-0.13868542,-0.0,0.0,-0.26129302,-0.0
-0.0,0.0,0.0,-0.0,-0.0,0.28785336,0.10182065,-0.10878899,-0.0,0.0,-0.27207217,-0.0
-0.0,0.0,0.0,-0.0,-0.0,0.3296843,0.09540676,-0.119307175,-0.0,0.0,-0.27304956,-0.0
-0.0,0.0,0.0,-0.0,-0.0,0.3635814,0.13796166,-0.093015194,-0.0,0.0,-0.29229364,-0.0
-0.0,0.0,0.0,-0.0,-0.0,0.40465447,0.0,-0.09085893,-0.018650765,0.0,-0.0,-0.0
-0.0,0.0,0.0,-0.0,-0.0,0.45604986,0.0,-0.034196932,0.04740293,0.0,-0.0,-0.0
-0.0,0.0,0.0,-0.0,-0.0,0.43858922,0.0,-0.009574482,0.072053514,0.0,-0.0,-0.0
-0.0,0.0,0.0,-0.0,-0.0,0.3788586,0.0,0.048826814,0.12351633,0.0,-0.0,0.0
-0.0,0.0,0.0,-0.0,-0.0,0.2739711,0.0,0.0,0.13340683,0.0,-0.049143385,0.0
-0.0,0.0,0.0,-0.0,-0.0,0.16364391,0.0,0.0,0.115912735,0.0,-0.0323911,0.0
-0.0,0.0,0.0,-0.0,-0.0,0.08067331,-0.0,-0.0,0.025600629,0.0,-0.06972606,0.0
0.0,0.0,0.0,-0.0,-0.0,0.03296296,-0.0,-0.0,0.033147365,0.0,-0.102845386,0.0
0.0,0.0,-0.0,-0.0,0.0,-0.00402353,-0.0,-0.036953494,0.013899366,0.0,-0.117198706,0.0
0.0,-0.0,-0.0,-0.0,0.0,-0.017877448,-0.0,-0.026887566,0.020119114,0.0,-0.09269339,0.0
0.0,-0.0,-0.0,0.0,0.0,-0.01270335,-0.0,-0.05636309,-0.009949127,0.0,-0.083154164,0.0
0.0,0.0,-0.0,-0.0,0.0,-9.405682e-05,-0.0,-0.034776673,0.018087044,0.0,-0.06543824,0.0
0.0,0.0,-0.0,-0.0,0.0,0.0,-0.0,-0.0,0.0034313465,0.0,-0.057428513,0.0
0.0,-0.0,-0.0,-0.0,0.0,-0.0,-0.0,-0.0,0.019196903,0.0,-0.06639472,0.0
0.0,-0.0,-0.0,0.0,0.0,-0.0,-0.0,-0.0,0.008276001,0.0,-0.08363102,0.0
0.0,-0.0,-0.0,0.0,0.0,-0.0,-0.0,-0.0,0.03674396,0.0,-0.093562536,0.0
0.0,-0.0,-0.0,-0.0,0.0,-0.0,-0.008595963,-0.0,0.0,-0.0,-0.0,0.0
0.0,0.0,-0.0,-0.0,0.0,0.0,0.012533131,-0.0,0.0,0.0,-0.0,0.0
0.0,0.0,0.0,-0.0,-0.0,0.0,0.044311255,-0.0,0.0,-0.0,-0.0,0.0
0.0,0.0,0.0,-0.0,-0.0,0.0,0.04368417,-0.0,0.0,-0.0,-0.0,0.0
0.0,0.0,0.0,-0.0,-0.0,0.0,-0.13515308,-0.085848525,-0.051228277,-0.0,-0.12242067,0.0
0.0,0.0,0.0,-0.0,-0.0,0.0,-0.17136806,-0.064913966,-0.025155837,-0.0,-0.1301781,0.0
0.0,-0.0,-0.0,-0.0,0.0,-0.0,-0.0988431,-0.066224314,-0.024881508,-0.0,-0.14207791,0.0
0.0,-0.0,-0.0,0.0,0.0,-0.0,-0.08206118,-0.025408495,0.0063303933,-0.0,-0.12784691,0.0
0.0,-0.0,-0.0,0.0,0.0,-0.046460554,-0.06742114,-0.0618378,-0.0,-0.0,-0.14846872,-0.0
0.0,-0.0,-0.0,0.0,0.0,-0.049711354,-0.051811244,-0.04319716,-0.0,-0.0,-0.14110276,0.0
0.0,-0.0,-0.0,0.0,0.0,-0.03399019,-0.039488178,-0.077909075,-0.0,-0.0,-0.16241854,-0.0
0.0,-0.0,-0.0,0.0,0.0,-0.06186317,-0.045002166,-0.03994869,0.0,-0.0,-0.1594749,-0.0
0.0,-0.0,-0.0,0.0,0.0,-0.054076932,-0.031643547,-0.0,-0.042369124,-0.0,-0.18287557,-0.0
0.0,-0.0,-0.0,0.0,0.0,-0.061608385,0.0075798314,-0.0,0.023079313,-0.0,-0.14770988,-0.0
-0.0,0.0,0.0,-0.0,-0.0,0.061558194,-0.06554455,-0.0,-0.094952434,-0.0,-0.22523677,-0.0
0.0,-0.0,-0.0,0.0,0.0,-0.2853232,0.20828201,0.0,0.20043886,0.0,-0.067152925,0.0
0.0,-0.0,-0.0,0.0,0.0,-0.33217564,0.43021467,0.0,0.40184605,0.0,0.13916822,0.0
0.0,-0.0,-0.0,0.0,0.0,-0.54948306,0.15217033,0.0,0.83045906,0.0,0.42721885,0.0
0.0,-0.0,-0.0,0.0,0.0,-0.914479,-0.80772364,-0.0,-0.25633436,-0.0,0.26238558,0.0
0.0,-0.0,-0.0,0.0,0.0,-0.8229888,-1.0,-0.0,-1.0,-0.0,0.18418953,0.0
0.0,-0.0,-0.0,0.0,0.0,-0.6884595,-0.0,-0.59091914,-0.0,-0.0,0.0,0.0
0.0,-0.0,-0.0,0.0,0.0,-0.55993223,-0.0,-0.49213725,-0.0,-0.0,-0.0,-0.0
0.0,-0.0,-0.0,0.0,0.0,-0.22141546,-0.0,-0.24129526,-0.0,-0.0,-0.0,-0.0
-0.0,0.0,0.0,-0.0,-0.0,0.10814191,0.0,-0.11004497,-0.0,-0.0,-0.0,-0.0
-0.0,0.0,0.0,-0.0,-0.0,0.20840614,0.0,-0.0,-0.05251398,-0.0,-0.34737298,-0.0
-0.0,0.0,0.0,-0.0,-0.0,0.23813544,0.0,-0.0,-0.084535316,-0.0,-0.3682139,-0.0
-0.0,0.0,0.0,-0.0,-0.0,0.23720571,0.0,-0.0,-0.060295835,-0.0,-0.41436177,-0.0
-0.0,0.0,0.0,-0.0,-0.0,0.30126116,0.0,-0.0,-0.069254726,-0.0,-0.43209162,-0.0
-0.0,0.0,0.0,-0.0,-0.0,0.35532424,0.2764477,-0.0,-0.03797084,-0.0,-0.0,-0.0
-0.0,0.0,0.0,-0.0,-0.0,0.4316858,0.32669228,-0.0,-0.025300317,-0.0,-0.0,-0.0
-0.0,0.0,0.0,-0.0,-0.0,0.46687013,0.37091693,0.0,0.04062316,-0.0,-0.0,-0.0
-0.0,0.0,0.0,-0.0,-0.0,0.49349698,0.41084096,0.0,0.073645405,-0.0,-0.0,-0.0
-0.0,0.0,0.0,-0.0,-0.0,0.45653403,0.2544006,0.118593395,0.0,-0.0,-0.36431473,-0.0
-0.0,0.0,0.0,-0.0,-0.0,0.38242528,0.048245255,0.13353436,0.0,0.0,-0.2815058,-0.0
-0.0,0.0,0.0,-0.0,-0.0,0.23212591,0.023709875,0.18200219,0.0,0.0,-0.17364304,-0.0
-0.0,0.0,0.0,-0.0,-0.0,0.1204586,-0.027446771,0.15692754,0.0,0.0,-0.08765901,-0.0
0.0,0.0,0.0,-0.0,-0.0,0.0,-0.0,0.14447354,0.0,0.0,-0.0,0.0
0.0,-0.0,-0.0,-0.0,0.0,-0.0,-0.0,0.10653461,0.0,-0.0,-0.0,0.0
-0.0,-0.0,-0.0,0.0,0.0,-0.0,-0.0,0.10081752,0.0,-0.0,-0.0,0.0
0.0,-0.0,-0.0,-0.0,0.0,-0.0,-0.0,0.087042995,-0.0,-0.0,-0.0,0.0
0.0,-0.042096827,-0.0,0.0,0.0,-0.040316246,-0.064122826,0.09049859,7.923084e-05,-0.0,-0.020563494,0.0
0.0,-0.006334231,-0.0,-0.0,0.0,-0.008836651,-0.07439506,0.082765445,-0.007984228,-0.0,-0.015269231,0.0
-0.0,0.026285464,0.0,-0.0,-0.0,0.023183186,-0.060816232,0.08975341,0.00082247454,-0.0,0.013317661,0.0
-0.0,0.07138526,0.0,-0.0,-0.0,0.06505131,-0.057741035,0.0764662,-0.0079697985,-0.0,0.04896662,0.0
0.0,0.08786935,0.0,-0.0,-0.0,0.06872104,-0.050217196,0.0,0.0067240596,-0.0,0.0,0.0
0.0,0.10437671,0.0,-0.0,-0.0,0.080788575,-0.015160148,0.0,-0.009195396,-0.0,0.0,0.0
0.0,0.0799128,0.0,-0.0,-0.0,0.064026326,-0.07632282,0.0,-0.03655686,-0.0,0.0,0.0
0.0,0.10496025,0.0,-0.0,-0.0,0.08317367,-0.26199853,0.0,-0.076697536,-0.0,0.0,0.0
0.0,0.04762861,0.0,-0.0,0.0,0.029009944,-0.20856653,0.045404244,-0.052507695,-0.0,0.103374265,0.0
0.0,0.04174713,0.0,-0.0,0.0,0.021321269,-0.18116073,0.05286179,-0.05108943,-0.0,0.10839874,0.0
0.0,-0.009187809,-0.0,-0.0,0.0,-0.021879783,-0.14382184,0.07288883,-0.035949875,-0.0,0.12104526,0.0
0.0,0.01114763,-0.0,-0.0,0.0,-1.8139921e-05,-0.13806488,0.05970596,-0.04535771,-0.0,0.09220517,0.0
0.0,-0.027103841,-0.0,0.0,0.0,-0.033500023,-0.10432492,0.0815887,-0.0,-0.09579297,0.109221146,0.0
0.0,0.004550513,-0.0,-0.0,0.0,-0.0049083545,-0.11195887,0.06483889,-0.0,-0.10583842,0.11761704,0.0
0.0,-0.056616746,-0.0,0.0,0.0,-0.05368913,-0.08055545,0.07939147,-0.0,-0.09065145,0.11590275,-0.0
0.0,-0.0127106,-0.0,-0.0,0.0,-0.018089049,-0.10646896,0.055371188,-0.0,-0.1072994,0.12073998,-0.0
0.0,-0.0,-0.0,0.0,0.0,-0.04768042,-0.052755438,0.0,0.004062306,-0.062859364,0.0,-0.0
0.0,0.0,0.0,-0.0,-0.0,0.047001332,-0.10625106,0.0,-0.016064446,-0.07182411,0.0,-0.0
-0.0,-0.0,-0.0,0.0,0.0,-0.031968527,-0.0047099385,0.0,-0.042129092,-0.00028758254,0.0,-0.0
0.0,-0.0,-0.2796223,0.0,0.0,-0.31862435,0.28065696,0.0,0.28061098,0.2683637,0.0,0.0
0.0,-0.31474274,-0.30342487,0.0,0.0,-0.31067172,0.30615863,0.0,0.0,0.6333966,0.5801831,0.0
0.0,-0.6593389,-0.713852,0.0,0.0,-0.6962353,-0.37737766,0.0,0.0,0.7218423,0.88708323,0.0
0.0,-0.88723207,-0.9393158,0.0,0.0,-0.9246091,-0.9655594,-0.0,-0.0,-0.4849712,0.65473986,0.0
0.0,-0.7612984,-0.8316435,0.0,0.0,-0.80825686,-0.8001904,-0.0,-0.0,-0.5571546,0.873171,0.0
0.0,-0.53708386,-0.6460177,0.0,0.0,-0.6046882,-0.0,-0.49334562,-0.5004218,-0.38473135,0.76029825,0.0
0.0,-0.38868505,-0.46079555,0.0,0.0,-0.43366724,-0.0,-0.38558564,-0.38617843,-0.39395893,0.09833431,-0.0
0.0,-0.04194285,-0.069643855,-0.0,0.0,-0.058261674,-0.0,-0.16183388,-0.1435712,-0.1542745,-0.015176482,-0.0
-0.0,0.14214851,0.182079,-0.0,-0.0,0.16639118,0.0,-0.08956226,-0.061750468,-0.03402068,-0.039224688,-0.0
-0.0,0.0,0.23656438,-0.0,-0.0,0.22059686,0.120219305,-0.082093835,-0.0,-0.0139552215,-0.020792019,-0.0
-0.0,0.0,0.24540009,-0.0,-0.0,0.22824357,0.17246445,-0.10872021,-0.0,-0.03329168,-0.06530947,-0.0
-0.0,0.0,0.31854063,-0.0,-0.0,0.29699177,0.20733921,-0.10041737,-0.0,-0.0167745,-0.07496919,-0.0
-0.0,0.0,0.3625144,-0.0,-0.0,0.34488693,0.2704605,-0.0938384,-0.0,-0.016755989,-0.11001128,-0.0
-0.0,0.39137623,0.4370242,-0.0,-0.0,0.42090264,0.30057684,-0.0,-0.004709466,0.0,-0.11267422,-0.0
-0.0,0.44359368,0.4849796,-0.0,-0.0,0.47116417,0.40163156,-0.0,0.027651211,0.0,-0.14434637,-0.0
-0.0,0.48904157,0.5318356,-0.0,-0.0,0.51766115,0.3952827,0.0,0.07106136,0.0,-0.13463882,-0.0
-0.0,0.49777398,0.52278763,-0.0,-0.0,0.5163247,0.22576047,0.0,0.078854725,0.0,-0.10160199,-0.0
-0.0,0.41273287,0.0,-0.0,-0.0,0.43080088,0.0,0.080298744,0.14927313,0.22249533,-0.04699548,-0.0
-0.0,0.2834111,0.0,-0.0,-0.0,0.29820633,0.0,0.115492254,0.17382139,0.26007167,0.032517184,-0.0
-0.0,0.16878821,0.0,-0.0,-0.0,0.17280689,0.0,0.12235967,0.17233649,0.27943134,0.12226205,-0.0
-0.0,0.06673171,0.0,-0.0,-0.0,0.061838042,0.0,0.07678865,0.13322212,0.23106197,0.16331644,0.0
0.0,0.0065119783,-0.0,-0.0,0.0,-0.0,0.0034870524,0.054329872,0.0,0.19835718,0.16881208,0.04275182
0.0,-0.028129203,-0.0,0.0,0.0,-0.0,0.011433412,0.023088206,0.0,0.15545627,0.14867723,0.024036799
0.0,-0.04380348,-0.0,0.0,0.0,-0.0,0.012204358,0.024829552,0.0,0.13911334,0.12446395,0.021695523
0.0,-0.06234095,-0.0,0.0,0.0,-0.0,0.0340685,0.00953242,0.0,0.11736927,0.099292085,-0.014511623
0.0,-0.0,-0.0,0.0,0.0,-0.020290496,0.038505044,0.016031323,0.0657473,0.12238239,0.0,0.0047321203
-0.0,0.0,0.0,-0.0,-0.0,0.012450308,0.06590179,0.0007196505,0.059246797,0.11449679,0.0,0.018745836
0.0,0.0,0.0,-0.0,-0.0,0.049657412,0.07800246,0.011895307,0.060237993,0.12544666,0.0,0.050150488
0.0,0.0,0.0,-0.0,-0.0,0.06845475,0.118164465,-0.003111484,0.048210066,0.10951036,0.0,0.063913986
0.0,0.09012435,0.0,-0.0,-0.0,0.073873155,0.0,-0.018101675,0.0,0.097100735,0.12048101,0.09337811
0.0,0.08872845,0.0,-0.0,-0.0,0.07485543,-0.0,-0.08206247,-0.0,0.05709496,0.09287126,0.06565769
0.0,0.071527295,0.0,-0.0,-0.0,0.049659915,-0.0,-0.058405843,0.0,0.06205451,0.09678484,0.09238885
0.0,0.044922244,0.0,-0.0,0.0,0.019252712,-0.0,-0.05051339,-0.0,0.0402022,0.070774995,0.06455578
0.0,0.0,-0.02244789,-0.0,0.0,-0.0128174005,-0.033849034,-0.0,0.0,0.0,0.063143484,0.06506716
0.0,-0.0,-0.023071721,-0.0,0.0,-0.017522316,-0.0034049195,-0.0,-0.0,0.0,0.04201776,0.045595556
0.0,-0.0,-0.02425155,-0.0,0.0,-0.020838106,0.014171775,-0.0,0.0,0.0,0.028671626,0.059649315
0.0,-0.0,-0.026531825,-0.0,0.0,-0.017824166,0.031494718,-0.0,-0.0,0.0,0.0121547235,0.030318568
0.0,-0.043629333,-0.049569394,0.0,0.0,-0.047299884,0.03870034,-0.006352107,0.035080805,0.02090042,0.003764999,0.0
0.0,-0.038874302,-0.03898244,0.0,0.0,-0.03927873,0.059449703,-0.04063332,0.002585081,-0.012003575,-0.029264277,0.0
-0.0,-0.048767205,-0.03436332,0.0,0.0,-0.040780026,0.076086275,-0.009762703,0.03554716,0.012799567,-0.015871556,0.0
-0.0,0.0066938554,0.0064890515,-0.0,-0.0,0.006776473,0.0840599,-0.045560554,-0.005319203,-0.027609067,-0.027299078,0.0
0.0,-0.0,-0.01008974,-0.0,0.0,-0.00789272,0.09866973,0.0,0.06356933,0.0,-0.005632775,0.0747591
0.0,0.0,0.062114708,-0.0,-0.0,0.075939454,0.098979324,-0.0,-0.030926498,-0.0,-0.007890805,-0.015051846
-0.0,-0.0,-0.21761589,0.0,0.0,-0.25494033,0.3680549,0.0,0.19649501,0.0,0.09529459,0.0016772014
0.0,-0.0,-0.25870228,0.0,0.0,-0.2839885,0.29766768,0.0,0.28152022,0.0,0.17565341,0.29677
0.0,-0.0,-0.4403393,0.0,0.0,-0.42874694,0.0,0.69819015,0.7305471,0.74272674,0.0,0.0
0.0,-0.0,-0.901666,0.0,0.0,-0.8824907,-0.0,0.2956861,0.2764604,0.092128575,0.0,0.0
0.0,-0.0,-0.92620456,0.0,0.0,-0.909949,-0.0,-0.877335,-0.87550163,-0.87317264,0.0,0.0
0.0,-0.0,-0.7605846,0.0,0.0,-0.7170884,-0.0,-0.6590203,-0.6192358,-0.50359446,0.0,0.0
0.0,-0.0,-0.64950216,0.0,0.0,-0.60723925,-0.0,-0.5100076,-0.49138144,-0.5283651,0.034654032,0.0
0.0,-0.0,-0.36727762,0.0,0.0,-0.3391914,-0.0,-0.31340778,-0.2832498,-0.4255466,-0.38057813,-0.0
-0.0,0.0,0.040173363,-0.0,-0.0,0.038292777,0.0,-0.1646959,-0.13311984,-0.2413529,-0.3432314,-0.0
-0.0,0.0,0.20104422,-0.0,-0.0,0.17921095,0.0,-0.09239583,-0.04703221,-0.13736129,-0.3136438,-0.0
-0.0,0.220671,0.0,-0.0,-0.0,0.24993359,0.27358547,-0.11637877,-0.06258784,-0.15485203,-0.3132707,-0.21481657
-0.0,0.24851432,0.0,-0.0,-0.0,0.28690854,0.32219192,-0.10534883,-0.04443754,-0.14518435,-0.3387462,-0.21956083
-0.0,0.32801557,0.0,-0.0,-0.0,0.3528017,0.36061466,-0.103549056,-0.05173455,-0.12872459,-0.34650573,-0.24423762
-0.0,0.36976773,0.0,-0.0,-0.0,0.4005486,0.4425651,-0.050219174,-0.002478619,-0.07970279,-0.35957578,-0.24766664
-0.54371417,0.44472,0.4884214,-0.0,-0.0,0.0,0.48630026,-0.040344056,-0.0,-0.05134053,-0.35642064,-0.25167635
-0.60619,0.48119977,0.53371555,-0.0,-0.0,0.0,0.37824827,-0.032600768,0.0,-0.015371784,-0.36723813,-0.2600058
-0.5765588,0.50748,0.54436135,-0.0,-0.0,0.0,0.30516028,0.002112352,0.0,0.02201879,-0.34493166,-0.24785593
-0.5582739,0.44246826,0.49100292,-0.331237,-0.0,0.0,0.3624734,0.0925377,0.0,0.0991247,-0.30339712,-0.20165756
-0.0,0.0,0.39700747,-0.32243598,-0.0,0.39109138,0.0,0.0,0.15400513,0.12729238,-0.0,-0.0
-0.0,0.0,0.27790514,-0.20655268,-0.0,0.2709726,0.0,0.0,0.17799048,0.15057583,-0.0,-0.0
-0.0,0.0,0.15931365,-0.16213956,-0.0,0.1614968,0.0,0.0,0.13182984,0.118315004,-0.0,-0.0
-0.0,0.0,0.08705714,-0.10948049,-0.0,0.09102532,0.0,0.0,0.11336113,0.09690559,-0.0,0.0
-0.0,0.0,0.09577563,-0.0,-0.0,0.100081585,0.0,0.09315407,0.09889221,0.08417837,-0.07375934,0.0040831184
-0.0,0.0,0.08756567,-0.0,-0.082779326,0.09042493,0.0,0.106002524,0.11107276,0.09443643,-0.07879057,0.010844044
-0.0,0.0,0.090789855,-0.0,-0.083318956,0.09566545,0.0,0.084471606,0.09139954,0.07362431,-0.070206024,-0.00091917056
-0.0,0.0,0.08947357,-0.0,-0.085540675,0.091683276,0.0,0.11333652,0.11499697,0.101467274,-0.07451821,0.01567637
